{
  "version": "1.0.0",
  "platformVersion": "3.1.0",
  "authentication": {
    "type": "custom",
    "fields": [
      {
        "key": "APPNAME",
        "label": "App name to identify the Account these Keys belongs to.",
        "required": true,
        "type": "string"
      },
      {
        "key": "APPTOKEN",
        "label": "App Secret Tokken",
        "required": true,
        "type": "string"
      },
      {
        "key": "AGREEMENTTOKEN",
        "label": "App Agreement Grant Token",
        "required": true,
        "type": "string"
      }
    ],
    "test": "$func$2$t$",
    "connectionLabel": "{{bundle.authData.APPNAME}}"
  },
  "beforeRequest": [
    "$func$3$f$"
  ],
  "afterResponse": [],
  "resources": {
    "products": {
      "key": "products",
      "noun": "Products",
      "search": {
        "display": {
          "label": "Find Product",
          "description": "Get Product Information by Product Number"
        },
        "operation": {
          "inputFields": [
            {
              "key": "productNumber",
              "required": true,
              "type": "string",
              "label": "Product Number",
              "helpText": "Unique alphanumeric product number. Maximum 25 characters and minimum 1 character"
            }
          ],
          "perform": "$func$2$f$"
        }
      },
      "list": {
        "display": {
          "label": "New Product",
          "description": "Trigger when a new Product is added."
        },
        "operation": {
          "inputFields": [],
          "perform": "$func$2$f$"
        }
      },
      "create": {
        "display": {
          "label": "Create Product",
          "description": "Create Product on the E-conomic App"
        },
        "operation": {
          "inputFields": [
            {
              "key": "productNumber",
              "required": true,
              "type": "string",
              "label": "Product Number",
              "helpText": "Unique alphanumeric product number. Maximum 25 characters and minimum 1 character"
            },
            {
              "key": "barCode",
              "type": "string",
              "label": "Bar Code",
              "helpText": "String representation of a machine readable barcode symbol that represents this product. Bar Code length must be less than or equal to 50 characters"
            },
            {
              "key": "name",
              "required": true,
              "type": "string",
              "label": "Product Name",
              "helpText": "Descriptive name of the product."
            },
            {
              "key": "productGroupNumber",
              "dynamic": "productGroup.id.name",
              "required": true,
              "type": "integer",
              "label": "Product Group Number",
              "helpText": "A reference to the product group this product is contained within."
            },
            {
              "key": "barred",
              "type": "boolean",
              "label": "Barred Product",
              "helpText": "If this value is true, then the product can no longer be sold, and trying to book an invoice with this product will not be possible."
            },
            {
              "key": "costPrice",
              "type": "number",
              "label": "Cost Price",
              "helpText": "The cost of the goods. If you have the inventory module enabled, this is read-only and will just be ignored."
            },
            {
              "key": "departmentalDistributionNumber",
              "type": "integer",
              "label": "Departmental Distribution Number",
              "helpText": "A unique identifier of the departmental distribution. Minimum value should be 1."
            },
            {
              "key": "description",
              "type": "string",
              "label": "Product Discription",
              "helpText": "Free text description of product. Maximum 500 characters."
            },
            {
              "key": "available",
              "type": "integer",
              "label": "Inventory Availabe",
              "helpText": "The number of units available to sell. This is the difference between the amount in stock and the amount ordered by customers."
            },
            {
              "key": "grossWeight",
              "type": "number",
              "label": "Inventory Gross Weight",
              "helpText": "The gross weight of the product."
            },
            {
              "key": "inStock",
              "type": "integer",
              "label": "Inventory Stock",
              "helpText": "The number of units in stock including any that have been ordered by customers."
            },
            {
              "key": "netWeight",
              "type": "number",
              "label": "Inventory Net Weight",
              "helpText": "The net weight of the product."
            },
            {
              "key": "orderedByCustomers",
              "type": "integer",
              "label": "Inventory Units Ordered By Customers",
              "helpText": "The number of units that have been ordered by customers, but haven’t been sold yet."
            },
            {
              "key": "orderedFromSuppliers",
              "type": "integer",
              "label": "Inventory Units Ordered From Suppliers",
              "helpText": "The number of units that have been ordered from your suppliers, but haven’t been delivered to you yet."
            },
            {
              "key": "packageVolume",
              "type": "number",
              "label": "Inventory Package Volume",
              "helpText": "The volume the shipped package makes up."
            },
            {
              "key": "recommendedCostPrice",
              "type": "number",
              "label": "Inventory Recommended Cost Price",
              "helpText": "The recommendedCostPrice of the product. The field is required if the Inventory module is enabled."
            },
            {
              "key": "recommendedPrice",
              "type": "number",
              "label": "Recommended Price",
              "helpText": "Recommended retail price of the goods."
            },
            {
              "key": "salesPrice",
              "type": "number",
              "label": "Sales Price",
              "helpText": "This is the unit net price that will appear on invoice lines when a product is added to an invoice line."
            },
            {
              "key": "unitNumber",
              "type": "integer",
              "dynamic": "units.id.unitname",
              "search": "unitsSearch.unitNumber",
              "label": "Unit",
              "helpText": "The unit of meassure applied to the invoice line."
            }
          ],
          "perform": "$func$2$f$"
        }
      }
    },
    "customers": {
      "key": "customers",
      "noun": "Customers",
      "list": {
        "display": {
          "label": "New Customers",
          "description": "Trigger when a new customer is added."
        },
        "operation": {
          "inputFields": [],
          "perform": "$func$2$f$"
        }
      },
      "create": {
        "display": {
          "label": "Create Customer",
          "description": "Create Customer on the E-conomic App"
        },
        "operation": {
          "inputFields": [
            {
              "key": "customerNumber",
              "type": "integer",
              "label": "Customer Number",
              "helpText": "The customer number is a positive unique numerical identifier with a maximum of 9 digits. If no customer number is specified a number will be supplied by the system."
            },
            {
              "key": "name",
              "type": "string",
              "required": true,
              "label": "Name",
              "helpText": "The customer name."
            },
            {
              "key": "email",
              "type": "string",
              "required": true,
              "label": "Email",
              "helpText": "Customer e-mail address where e-conomic invoices should be emailed. Note: you can specify multiple email addresses in this field, separated by a space. If you need to send a copy of the invoice or write to other e-mail addresses, you can also create one or more customer contacts."
            },
            {
              "key": "address",
              "type": "string",
              "label": "Address",
              "helpText": "Address for the customer including street and number."
            },
            {
              "key": "balance",
              "type": "number",
              "label": "Balance",
              "helpText": "The outstanding amount for this customer."
            },
            {
              "key": "city",
              "type": "string",
              "label": "City",
              "helpText": "The customer’s city."
            },
            {
              "key": "country",
              "type": "string",
              "label": "Country",
              "helpText": "The customer’s country."
            },
            {
              "key": "corporateIdentificationNumber",
              "type": "string",
              "label": "Corporate Identification Number",
              "helpText": "Corporate Identification Number. For example CVR in Denmark."
            },
            {
              "key": "creditLimit",
              "type": "number",
              "label": "Credit Limit",
              "helpText": "A maximum credit for this customer. Once the maximum is reached or passed in connection with an order/quotation/invoice for this customer you see a warning in e-conomic."
            },
            {
              "key": "currency",
              "type": "string",
              "dynamic": "currency.id.currencyname",
              "required": true,
              "label": "Currency",
              "helpText": "The ISO 4217 3-letter currency code of the invoice."
            },
            {
              "key": "customerGroupNumber",
              "type": "integer",
              "dynamic": "customerGroup.id.groupname",
              "required": true,
              "label": "Customer Group",
              "helpText": "The unique identifier of the customer group."
            },
            {
              "key": "layoutNumber",
              "type": "integer",
              "dynamic": "layouts.id.layoutname",
              "label": "Layout",
              "helpText": "Layout to be applied for invoices and other documents for this customer."
            },
            {
              "key": "paymentTermsNumber",
              "type": "integer",
              "dynamic": "paymentTerms.id.paymentname",
              "required": true,
              "label": "Payment Terms",
              "helpText": "The default payment terms for the customer."
            },
            {
              "key": "employeeNumber",
              "type": "integer",
              "dynamic": "employees.id.name",
              "label": "Sales person",
              "helpText": "Reference to the employee responsible for contact with this customer."
            },
            {
              "key": "telephoneAndFaxNumber",
              "type": "string",
              "label": "Telephone & Fax number",
              "helpText": "The customer’s telephone and/or fax number."
            },
            {
              "key": "vatNumber",
              "type": "string",
              "label": "Vat Number",
              "helpText": "The customer’s value added tax identification number. This field is only available to agreements in Sweden, UK, Germany, Poland and Finland. Not to be mistaken for the danish CVR number, which is defined on the corporateIdentificationNumber property."
            },
            {
              "key": "vatZoneNumber",
              "type": "integer",
              "dynamic": "vatZones.id.vatname",
              "required": true,
              "label": "Vat Zone Number",
              "helpText": "Indicates in which VAT-zone the customer is located (e.g.: domestically, in Europe or elsewhere abroad)."
            },
            {
              "key": "website",
              "type": "string",
              "label": "Website",
              "helpText": "Customer website"
            },
            {
              "key": "zip",
              "type": "string",
              "label": "Zip Code",
              "helpText": "The customer’s postcode."
            }
          ],
          "perform": "$func$2$f$"
        }
      },
      "search": {
        "display": {
          "label": "Find Customer",
          "description": "Get Customer Information by Customer Number"
        },
        "operation": {
          "inputFields": [
            {
              "key": "customerNumber",
              "required": true,
              "type": "integer"
            }
          ],
          "perform": "$func$2$f$"
        }
      }
    },
    "drafts": {
      "key": "drafts",
      "noun": "Draft Invoice",
      "list": {
        "display": {
          "label": "New Draft Invoice",
          "description": "Trigger when a new draft invoice is added.(Without line item support)"
        },
        "operation": {
          "inputFields": [],
          "perform": "$func$2$f$"
        }
      },
      "search": {
        "display": {
          "label": "Find Draft Invoice",
          "description": "Get Draft Invoice Information by Draft Invoice Number"
        },
        "operation": {
          "inputFields": [
            {
              "key": "invoiceNumber",
              "required": true,
              "type": "integer",
              "label": "Draft Invoice Number",
              "helpText": "The Draft Invoice Number."
            }
          ],
          "perform": "$func$2$f$"
        }
      },
      "create": {
        "display": {
          "label": "Create Draft Invoice",
          "description": "Create Draft Invoice on the E-conomic App"
        },
        "operation": {
          "inputFields": [
            {
              "key": "invoiceNumber",
              "required": true,
              "type": "integer",
              "label": "Draft Invoice Number",
              "helpText": "The Draft Invoice Number."
            },
            {
              "key": "currency",
              "type": "string",
              "dynamic": "currencyList.id.currencyname",
              "required": true,
              "label": "Currency",
              "helpText": "The ISO 4217 3-letter currency code of the invoice."
            },
            {
              "key": "customerNumber",
              "type": "integer",
              "dynamic": "customers.id.name",
              "required": true,
              "altersDynamicFields": true,
              "search": "customersSearch.unitNumber",
              "label": "Customer Number",
              "helpText": "The customer number is a positive unique numerical identifier with a maximum of 9 digits. If no customer number is specified a number will be supplied by the system."
            },
            {
              "key": "date",
              "type": "datetime",
              "required": true,
              "label": "Date",
              "helpText": "Invoice issue date. Format according to ISO-8601 (YYYY-MM-DD)."
            },
            {
              "key": "delivery_address",
              "type": "string",
              "label": "Delivery Address",
              "helpText": "Street address where the goods must be delivered to the customer."
            },
            {
              "key": "delivery_city",
              "type": "string",
              "label": "Delivery City",
              "helpText": "The city of the place of delivery"
            },
            {
              "key": "delivery_country",
              "type": "string",
              "label": "Delivery Country",
              "helpText": "The country of the place of delivery"
            },
            {
              "key": "delivery_deliveryDate",
              "type": "datetime",
              "label": "Delivery Date",
              "helpText": "The date of delivery. Format according to ISO-8601 (YYYY-MM-DD)."
            },
            {
              "key": "delivery_deliveryTerms",
              "type": "string",
              "label": "Delivery Terms",
              "helpText": "Details about the terms of delivery."
            },
            {
              "key": "delivery_zip",
              "type": "string",
              "label": "Delivery Zip Code",
              "helpText": "The zip code of the place of delivery."
            },
            {
              "key": "dueDate",
              "type": "datetime",
              "required": true,
              "label": "Due Date",
              "helpText": "The date the invoice is due for payment. This property is only used if the terms of payment is of type 'duedate’, in which case it is a mandatory property. Format according to ISO-8601 (YYYY-MM-DD)."
            },
            {
              "key": "exchangeRate",
              "type": "number",
              "label": "Exchange Rate",
              "helpText": "The desired exchange rate between the invoice currency and the base currency of the agreement. The exchange rate expresses how much it will cost in base currency to buy 100 units of the invoice currency. If no exchange rate is supplied, the system will get the current daily rate, unless the invoice currency is the same as the base currency, in which case it will be set to 100."
            },
            {
              "key": "grossAmount",
              "type": "number",
              "required": true,
              "label": "Gross Amount",
              "helpText": "The total invoice amount in the invoice currency after all taxes and discounts have been applied. For a credit note this amount will be negative."
            },
            {
              "key": "marginInBaseCurrency",
              "type": "integer",
              "label": "Margin In Base Currency",
              "helpText": "The difference between the net price and the cost price on the invoice line in base currency."
            },
            {
              "key": "marginPercentage",
              "type": "integer",
              "label": "Margin Percentage",
              "helpText": "The margin on the invoice line expressed as a percentage."
            },
            {
              "key": "layoutNumber",
              "required": true,
              "type": "integer",
              "dynamic": "layout.id.layoutname",
              "label": "Layout",
              "helpText": "Layout to be applied for invoices and other documents for this customer."
            },
            {
              "key": "paymentTermsNumber",
              "required": true,
              "type": "integer",
              "dynamic": "payment.id.paymentname",
              "label": "Payment Terms",
              "helpText": "The terms of payment for the invoice."
            },
            {
              "key": "daysOfCredit",
              "type": "integer",
              "required": true,
              "label": "Days of Credit",
              "helpText": "The number of days of credit on the invoice. This field is only valid if terms of payment is not of type 'duedate'."
            },
            {
              "key": "paymentTermsType",
              "required": true,
              "choices": {
                "net": "NET",
                "invoiceMonth": "Invoice Month",
                "paidInCash": "Paid In Cash",
                "prepaid": "Prepaid",
                "dueDate": "Due Date",
                "factoring": "Factoring",
                "invoiceWeekStartingSunday": "Invoice Week Starting Sunday",
                "invoiceWeekStartingMonday": "Invoice Week Starting Monday",
                "creditcard": "Credit Card",
                "avtaleGiro": "Avtale Giro"
              },
              "altersDynamicFields": false
            },
            {
              "key": "lineItems",
              "required": true,
              "children": [
                {
                  "key": "lineItem_sortKey",
                  "type": "integer",
                  "label": "Line Sort Key",
                  "helpText": "A sort key used to sort the lines in ascending order within the invoice."
                },
                {
                  "key": "lineItem_description",
                  "type": "string",
                  "label": "Line Description",
                  "helpText": "A description of the product or service sold. Please note, that when setting existing products, description field is required. While setting non-existing product, description field can remain empty."
                },
                {
                  "key": "lineItem_unit",
                  "type": "integer",
                  "dynamic": "units.id.unitname",
                  "label": "Unit",
                  "helpText": "The unit of meassure applied to the invoice line."
                },
                {
                  "key": "lineItem_productNumber",
                  "type": "string",
                  "dynamic": "products.id.productname",
                  "label": "Product",
                  "helpText": "The product or service offered on the invoice line."
                },
                {
                  "key": "lineItem_quantity",
                  "type": "integer",
                  "label": "Quantity",
                  "helpText": "The number of units of goods on the invoice line."
                },
                {
                  "key": "lineItem_unitCostPrice",
                  "type": "number",
                  "label": "Unit Cost Price",
                  "helpText": "The cost price of 1 unit of the goods or services in the invoice currency."
                },
                {
                  "key": "lineItem_unitNetPrice",
                  "type": "integer",
                  "label": "Unit Net Price",
                  "helpText": "The price of 1 unit of the goods or services on the invoice line in the invoice currency."
                },
                {
                  "key": "lineItem_discountPercentage",
                  "type": "number",
                  "label": "Discount Percentage",
                  "helpText": "A line discount expressed as a percentage."
                },
                {
                  "key": "lineItem_totalNetAmount",
                  "type": "number",
                  "label": "Total Net-ammount",
                  "helpText": "Total Net Ammount"
                },
                {
                  "key": "lineItem_vatAmount",
                  "type": "number",
                  "label": "VAT Amount",
                  "helpText": "The total amount of VAT on the invoice in the invoice currency. This will have the same sign as net amount"
                },
                {
                  "key": "lineItem_roundingAmount",
                  "type": "number",
                  "label": "Rounding Amount",
                  "helpText": "The total rounding error, if any, on the invoice in base currency."
                },
                {
                  "key": "lineItem_netAmount",
                  "type": "number",
                  "label": "Net Amount",
                  "helpText": "The total invoice amount in the invoice currency before all taxes and discounts have been applied. For a credit note this amount will be negative."
                },
                {
                  "key": "lineItem_netAmountInBaseCurrency",
                  "type": "number",
                  "label": "Net-amount Base-currency",
                  "helpText": "Net Amount Base Currency"
                }
              ]
            },
            {
              "key": "heading",
              "type": "string",
              "label": "Heading",
              "helpText": "The invoice heading. Usually displayed at the top of the invoice."
            },
            {
              "key": "textLine1",
              "type": "string",
              "label": "Text Line 1",
              "helpText": "The first line of supplementary text on the invoice. This is usually displayed right under the heading in a smaller font."
            },
            {
              "key": "textLine2",
              "type": "string",
              "label": "Text Line 2",
              "helpText": "The second line of supplementary text in the notes on the invoice. This is usually displayed as a footer on the invoice."
            },
            {
              "key": "recipient_name",
              "required": true,
              "type": "string",
              "label": "Recipient Name",
              "helpText": "The name of the actual recipient."
            },
            {
              "key": "recipient_address",
              "type": "string",
              "label": "Recipient Address",
              "helpText": "The street address of the actual recipient."
            },
            {
              "key": "recipient_city",
              "type": "string",
              "label": "Recipient City",
              "helpText": "The city of the actual recipient."
            },
            {
              "key": "recipient_country",
              "type": "string",
              "label": "Recipient Country",
              "helpText": "The country of the actual recipient."
            },
            {
              "key": "recipient_zip",
              "type": "string",
              "label": "Recipient Zip Code",
              "helpText": "The zip code of the actual recipient."
            },
            {
              "key": "recipient_vatZoneNumber",
              "required": true,
              "type": "integer",
              "dynamic": "vat.id.vatname",
              "label": "Recipient Vat Zone",
              "helpText": "Unique identifier of the vat zone."
            },
            {
              "key": "references_other",
              "type": "string",
              "label": "References Other",
              "helpText": "A text field that can be used to save any custom reference on the invoice."
            },
            {
              "key": "references_salesPerson_employeeNumber",
              "type": "integer",
              "dynamic": "employees.id.name",
              "label": "References Sales Person",
              "helpText": "Unique identifier of the employee."
            },
            {
              "key": "references_vendorReference_employeeNumber",
              "type": "integer",
              "dynamic": "employees.id.name",
              "label": "References Sales Person",
              "helpText": "Unique identifier of the employee."
            },
            {
              "key": "roundingAmount",
              "type": "number",
              "label": "Rounding Amount",
              "helpText": "The total rounding error, if any, on the invoice in base currency."
            },
            {
              "key": "vatAmount",
              "type": "number",
              "label": "VAT Amount",
              "helpText": "The total amount of VAT on the invoice in the invoice currency. This will have the same sign as net amount."
            }
          ],
          "perform": "$func$2$f$"
        }
      }
    },
    "units": {
      "key": "units",
      "noun": "Units",
      "search": {
        "display": {
          "label": "Find Unit",
          "description": "Get the info for the Unit by Unit Number"
        },
        "operation": {
          "inputFields": [
            {
              "key": "unitNumber",
              "required": true,
              "type": "integer",
              "label": "A unique identifier of the unit."
            }
          ],
          "perform": "$func$2$f$"
        }
      },
      "list": {
        "display": {
          "label": "New Unit",
          "description": "Triggers when a new Unit is added"
        },
        "operation": {
          "perform": "$func$2$f$"
        }
      },
      "create": {
        "display": {
          "label": "Create Unit",
          "description": "Create a new Unit on E-conomic App"
        },
        "operation": {
          "inputFields": [
            {
              "key": "name",
              "type": "string",
              "required": true,
              "label": "Unit Name",
              "helpText": "The name of the unit. Max length of name 8 characters."
            }
          ],
          "perform": "$func$2$f$"
        }
      }
    }
  },
  "triggers": {
    "productsList": {
      "display": {
        "label": "New Product",
        "description": "Trigger when a new Product is added."
      },
      "operation": {
        "inputFields": [],
        "perform": "$func$2$f$",
        "resource": "products",
        "type": "polling"
      },
      "key": "productsList",
      "noun": "Products"
    },
    "customersList": {
      "display": {
        "label": "New Customers",
        "description": "Trigger when a new customer is added."
      },
      "operation": {
        "inputFields": [],
        "perform": "$func$2$f$",
        "resource": "customers",
        "type": "polling"
      },
      "key": "customersList",
      "noun": "Customers"
    },
    "draftsList": {
      "display": {
        "label": "New Draft Invoice",
        "description": "Trigger when a new draft invoice is added.(Without line item support)"
      },
      "operation": {
        "inputFields": [],
        "perform": "$func$2$f$",
        "resource": "drafts",
        "type": "polling"
      },
      "key": "draftsList",
      "noun": "Draft Invoice"
    },
    "unitsList": {
      "display": {
        "label": "New Unit",
        "description": "Triggers when a new Unit is added"
      },
      "operation": {
        "perform": "$func$2$f$",
        "resource": "units",
        "type": "polling"
      },
      "key": "unitsList",
      "noun": "Units"
    },
    "paid": {
      "key": "paid",
      "noun": "Paid invoices",
      "display": {
        "label": "New Paid Invoice",
        "description": "Triggers when a new Paid Invoice is added"
      },
      "operation": {
        "perform": "$func$2$f$"
      }
    },
    "searchInvoice": {
      "key": "searchInvoice",
      "noun": "Filter Invoices",
      "display": {
        "label": "Filter Invoices",
        "description": "Triggers when a new Invoice is added that meets the specific condtions (Without line item support)"
      },
      "operation": {
        "inputFields": [
          {
            "key": "invoiceType",
            "type": "string",
            "required": true,
            "choices": {
              "drafts": "Drafts",
              "booked": "Booked",
              "paid": "Paid",
              "unpaid": "Unpaid",
              "overdue": "Overdue",
              "not-due": "Not-Due",
              "sent": "Sent"
            },
            "label": "Invoice Type",
            "helpText": "The Invoice Type."
          },
          {
            "key": "daysOld",
            "type": "integer",
            "required": true,
            "label": "Days Old",
            "helpText": "From now, at least how old is the invoices?"
          }
        ],
        "perform": "$func$2$f$"
      }
    },
    "productGroup": {
      "key": "productGroupList",
      "noun": "Product Group List",
      "display": {
        "label": "Product Group List",
        "description": "Get Product Group List",
        "hidden": true
      },
      "operation": {
        "perform": "$func$2$f$"
      }
    },
    "customerGroup": {
      "key": "group",
      "noun": "Customer Group",
      "display": {
        "label": "Customer Group",
        "description": "Get Customer Group List",
        "hidden": true
      },
      "operation": {
        "perform": "$func$2$f$"
      }
    },
    "layouts": {
      "key": "layout",
      "noun": "Layouts",
      "display": {
        "label": "Layouts",
        "description": "Get Layout List",
        "hidden": true
      },
      "operation": {
        "perform": "$func$2$f$"
      }
    },
    "paymentTerms": {
      "key": "payment",
      "noun": "Payment Terms",
      "display": {
        "label": "Payment Terms",
        "description": "Get Payment Terms List",
        "hidden": true
      },
      "operation": {
        "perform": "$func$2$f$"
      }
    },
    "vatZones": {
      "key": "vat",
      "noun": "Vat Zone",
      "display": {
        "label": "Vat Zones",
        "description": "Get Vat Zone List",
        "hidden": true
      },
      "operation": {
        "perform": "$func$2$f$"
      }
    },
    "currency": {
      "key": "currencyList",
      "noun": "Currency List",
      "display": {
        "label": "Currency List",
        "description": "Get Currency List",
        "hidden": true
      },
      "operation": {
        "perform": "$func$2$f$"
      }
    },
    "employees": {
      "key": "salesPersonList",
      "noun": "Sales Persons or Employees List",
      "display": {
        "label": "Sales Persons List",
        "description": "Get Sales Persons/ Employees List",
        "hidden": true
      },
      "operation": {
        "perform": "$func$2$f$"
      }
    },
    "invoicetype": {
      "key": "invoicetype",
      "noun": "Invoice Type",
      "display": {
        "label": "Invoice Type",
        "description": "Get Invoice Type List",
        "hidden": true
      },
      "operation": {
        "perform": "$func$2$f$"
      }
    },
    "productGroupList": {
      "key": "productGroupList",
      "noun": "Product Group List",
      "display": {
        "label": "Product Group List",
        "description": "Get Product Group List",
        "hidden": true
      },
      "operation": {
        "perform": "$func$2$f$"
      }
    },
    "group": {
      "key": "group",
      "noun": "Customer Group",
      "display": {
        "label": "Customer Group",
        "description": "Get Customer Group List",
        "hidden": true
      },
      "operation": {
        "perform": "$func$2$f$"
      }
    },
    "layout": {
      "key": "layout",
      "noun": "Layouts",
      "display": {
        "label": "Layouts",
        "description": "Get Layout List",
        "hidden": true
      },
      "operation": {
        "perform": "$func$2$f$"
      }
    },
    "payment": {
      "key": "payment",
      "noun": "Payment Terms",
      "display": {
        "label": "Payment Terms",
        "description": "Get Payment Terms List",
        "hidden": true
      },
      "operation": {
        "perform": "$func$2$f$"
      }
    },
    "vat": {
      "key": "vat",
      "noun": "Vat Zone",
      "display": {
        "label": "Vat Zones",
        "description": "Get Vat Zone List",
        "hidden": true
      },
      "operation": {
        "perform": "$func$2$f$"
      }
    },
    "currencyList": {
      "key": "currencyList",
      "noun": "Currency List",
      "display": {
        "label": "Currency List",
        "description": "Get Currency List",
        "hidden": true
      },
      "operation": {
        "perform": "$func$2$f$"
      }
    },
    "salesPersonList": {
      "key": "salesPersonList",
      "noun": "Sales Persons or Employees List",
      "display": {
        "label": "Sales Persons List",
        "description": "Get Sales Persons/ Employees List",
        "hidden": true
      },
      "operation": {
        "perform": "$func$2$f$"
      }
    }
  },
  "searches": {
    "productsSearch": {
      "display": {
        "label": "Find Product",
        "description": "Get Product Information by Product Number"
      },
      "operation": {
        "inputFields": [
          {
            "key": "productNumber",
            "required": true,
            "type": "string",
            "label": "Product Number",
            "helpText": "Unique alphanumeric product number. Maximum 25 characters and minimum 1 character"
          }
        ],
        "perform": "$func$2$f$",
        "resource": "products"
      },
      "key": "productsSearch",
      "noun": "Products"
    },
    "customersSearch": {
      "display": {
        "label": "Find Customer",
        "description": "Get Customer Information by Customer Number"
      },
      "operation": {
        "inputFields": [
          {
            "key": "customerNumber",
            "required": true,
            "type": "integer"
          }
        ],
        "perform": "$func$2$f$",
        "resource": "customers"
      },
      "key": "customersSearch",
      "noun": "Customers"
    },
    "draftsSearch": {
      "display": {
        "label": "Find Draft Invoice",
        "description": "Get Draft Invoice Information by Draft Invoice Number"
      },
      "operation": {
        "inputFields": [
          {
            "key": "invoiceNumber",
            "required": true,
            "type": "integer",
            "label": "Draft Invoice Number",
            "helpText": "The Draft Invoice Number."
          }
        ],
        "perform": "$func$2$f$",
        "resource": "drafts"
      },
      "key": "draftsSearch",
      "noun": "Draft Invoice"
    },
    "unitsSearch": {
      "display": {
        "label": "Find Unit",
        "description": "Get the info for the Unit by Unit Number"
      },
      "operation": {
        "inputFields": [
          {
            "key": "unitNumber",
            "required": true,
            "type": "integer",
            "label": "A unique identifier of the unit."
          }
        ],
        "perform": "$func$2$f$",
        "resource": "units"
      },
      "key": "unitsSearch",
      "noun": "Units"
    }
  },
  "creates": {
    "productsCreate": {
      "display": {
        "label": "Create Product",
        "description": "Create Product on the E-conomic App"
      },
      "operation": {
        "inputFields": [
          {
            "key": "productNumber",
            "required": true,
            "type": "string",
            "label": "Product Number",
            "helpText": "Unique alphanumeric product number. Maximum 25 characters and minimum 1 character"
          },
          {
            "key": "barCode",
            "type": "string",
            "label": "Bar Code",
            "helpText": "String representation of a machine readable barcode symbol that represents this product. Bar Code length must be less than or equal to 50 characters"
          },
          {
            "key": "name",
            "required": true,
            "type": "string",
            "label": "Product Name",
            "helpText": "Descriptive name of the product."
          },
          {
            "key": "productGroupNumber",
            "dynamic": "productGroup.id.name",
            "required": true,
            "type": "integer",
            "label": "Product Group Number",
            "helpText": "A reference to the product group this product is contained within."
          },
          {
            "key": "barred",
            "type": "boolean",
            "label": "Barred Product",
            "helpText": "If this value is true, then the product can no longer be sold, and trying to book an invoice with this product will not be possible."
          },
          {
            "key": "costPrice",
            "type": "number",
            "label": "Cost Price",
            "helpText": "The cost of the goods. If you have the inventory module enabled, this is read-only and will just be ignored."
          },
          {
            "key": "departmentalDistributionNumber",
            "type": "integer",
            "label": "Departmental Distribution Number",
            "helpText": "A unique identifier of the departmental distribution. Minimum value should be 1."
          },
          {
            "key": "description",
            "type": "string",
            "label": "Product Discription",
            "helpText": "Free text description of product. Maximum 500 characters."
          },
          {
            "key": "available",
            "type": "integer",
            "label": "Inventory Availabe",
            "helpText": "The number of units available to sell. This is the difference between the amount in stock and the amount ordered by customers."
          },
          {
            "key": "grossWeight",
            "type": "number",
            "label": "Inventory Gross Weight",
            "helpText": "The gross weight of the product."
          },
          {
            "key": "inStock",
            "type": "integer",
            "label": "Inventory Stock",
            "helpText": "The number of units in stock including any that have been ordered by customers."
          },
          {
            "key": "netWeight",
            "type": "number",
            "label": "Inventory Net Weight",
            "helpText": "The net weight of the product."
          },
          {
            "key": "orderedByCustomers",
            "type": "integer",
            "label": "Inventory Units Ordered By Customers",
            "helpText": "The number of units that have been ordered by customers, but haven’t been sold yet."
          },
          {
            "key": "orderedFromSuppliers",
            "type": "integer",
            "label": "Inventory Units Ordered From Suppliers",
            "helpText": "The number of units that have been ordered from your suppliers, but haven’t been delivered to you yet."
          },
          {
            "key": "packageVolume",
            "type": "number",
            "label": "Inventory Package Volume",
            "helpText": "The volume the shipped package makes up."
          },
          {
            "key": "recommendedCostPrice",
            "type": "number",
            "label": "Inventory Recommended Cost Price",
            "helpText": "The recommendedCostPrice of the product. The field is required if the Inventory module is enabled."
          },
          {
            "key": "recommendedPrice",
            "type": "number",
            "label": "Recommended Price",
            "helpText": "Recommended retail price of the goods."
          },
          {
            "key": "salesPrice",
            "type": "number",
            "label": "Sales Price",
            "helpText": "This is the unit net price that will appear on invoice lines when a product is added to an invoice line."
          },
          {
            "key": "unitNumber",
            "type": "integer",
            "dynamic": "units.id.unitname",
            "search": "unitsSearch.unitNumber",
            "label": "Unit",
            "helpText": "The unit of meassure applied to the invoice line."
          }
        ],
        "perform": "$func$2$f$",
        "resource": "products"
      },
      "key": "productsCreate",
      "noun": "Products"
    },
    "customersCreate": {
      "display": {
        "label": "Create Customer",
        "description": "Create Customer on the E-conomic App"
      },
      "operation": {
        "inputFields": [
          {
            "key": "customerNumber",
            "type": "integer",
            "label": "Customer Number",
            "helpText": "The customer number is a positive unique numerical identifier with a maximum of 9 digits. If no customer number is specified a number will be supplied by the system."
          },
          {
            "key": "name",
            "type": "string",
            "required": true,
            "label": "Name",
            "helpText": "The customer name."
          },
          {
            "key": "email",
            "type": "string",
            "required": true,
            "label": "Email",
            "helpText": "Customer e-mail address where e-conomic invoices should be emailed. Note: you can specify multiple email addresses in this field, separated by a space. If you need to send a copy of the invoice or write to other e-mail addresses, you can also create one or more customer contacts."
          },
          {
            "key": "address",
            "type": "string",
            "label": "Address",
            "helpText": "Address for the customer including street and number."
          },
          {
            "key": "balance",
            "type": "number",
            "label": "Balance",
            "helpText": "The outstanding amount for this customer."
          },
          {
            "key": "city",
            "type": "string",
            "label": "City",
            "helpText": "The customer’s city."
          },
          {
            "key": "country",
            "type": "string",
            "label": "Country",
            "helpText": "The customer’s country."
          },
          {
            "key": "corporateIdentificationNumber",
            "type": "string",
            "label": "Corporate Identification Number",
            "helpText": "Corporate Identification Number. For example CVR in Denmark."
          },
          {
            "key": "creditLimit",
            "type": "number",
            "label": "Credit Limit",
            "helpText": "A maximum credit for this customer. Once the maximum is reached or passed in connection with an order/quotation/invoice for this customer you see a warning in e-conomic."
          },
          {
            "key": "currency",
            "type": "string",
            "dynamic": "currency.id.currencyname",
            "required": true,
            "label": "Currency",
            "helpText": "The ISO 4217 3-letter currency code of the invoice."
          },
          {
            "key": "customerGroupNumber",
            "type": "integer",
            "dynamic": "customerGroup.id.groupname",
            "required": true,
            "label": "Customer Group",
            "helpText": "The unique identifier of the customer group."
          },
          {
            "key": "layoutNumber",
            "type": "integer",
            "dynamic": "layouts.id.layoutname",
            "label": "Layout",
            "helpText": "Layout to be applied for invoices and other documents for this customer."
          },
          {
            "key": "paymentTermsNumber",
            "type": "integer",
            "dynamic": "paymentTerms.id.paymentname",
            "required": true,
            "label": "Payment Terms",
            "helpText": "The default payment terms for the customer."
          },
          {
            "key": "employeeNumber",
            "type": "integer",
            "dynamic": "employees.id.name",
            "label": "Sales person",
            "helpText": "Reference to the employee responsible for contact with this customer."
          },
          {
            "key": "telephoneAndFaxNumber",
            "type": "string",
            "label": "Telephone & Fax number",
            "helpText": "The customer’s telephone and/or fax number."
          },
          {
            "key": "vatNumber",
            "type": "string",
            "label": "Vat Number",
            "helpText": "The customer’s value added tax identification number. This field is only available to agreements in Sweden, UK, Germany, Poland and Finland. Not to be mistaken for the danish CVR number, which is defined on the corporateIdentificationNumber property."
          },
          {
            "key": "vatZoneNumber",
            "type": "integer",
            "dynamic": "vatZones.id.vatname",
            "required": true,
            "label": "Vat Zone Number",
            "helpText": "Indicates in which VAT-zone the customer is located (e.g.: domestically, in Europe or elsewhere abroad)."
          },
          {
            "key": "website",
            "type": "string",
            "label": "Website",
            "helpText": "Customer website"
          },
          {
            "key": "zip",
            "type": "string",
            "label": "Zip Code",
            "helpText": "The customer’s postcode."
          }
        ],
        "perform": "$func$2$f$",
        "resource": "customers"
      },
      "key": "customersCreate",
      "noun": "Customers"
    },
    "draftsCreate": {
      "display": {
        "label": "Create Draft Invoice",
        "description": "Create Draft Invoice on the E-conomic App"
      },
      "operation": {
        "inputFields": [
          {
            "key": "invoiceNumber",
            "required": true,
            "type": "integer",
            "label": "Draft Invoice Number",
            "helpText": "The Draft Invoice Number."
          },
          {
            "key": "currency",
            "type": "string",
            "dynamic": "currencyList.id.currencyname",
            "required": true,
            "label": "Currency",
            "helpText": "The ISO 4217 3-letter currency code of the invoice."
          },
          {
            "key": "customerNumber",
            "type": "integer",
            "dynamic": "customers.id.name",
            "required": true,
            "altersDynamicFields": true,
            "search": "customersSearch.unitNumber",
            "label": "Customer Number",
            "helpText": "The customer number is a positive unique numerical identifier with a maximum of 9 digits. If no customer number is specified a number will be supplied by the system."
          },
          {
            "key": "date",
            "type": "datetime",
            "required": true,
            "label": "Date",
            "helpText": "Invoice issue date. Format according to ISO-8601 (YYYY-MM-DD)."
          },
          {
            "key": "delivery_address",
            "type": "string",
            "label": "Delivery Address",
            "helpText": "Street address where the goods must be delivered to the customer."
          },
          {
            "key": "delivery_city",
            "type": "string",
            "label": "Delivery City",
            "helpText": "The city of the place of delivery"
          },
          {
            "key": "delivery_country",
            "type": "string",
            "label": "Delivery Country",
            "helpText": "The country of the place of delivery"
          },
          {
            "key": "delivery_deliveryDate",
            "type": "datetime",
            "label": "Delivery Date",
            "helpText": "The date of delivery. Format according to ISO-8601 (YYYY-MM-DD)."
          },
          {
            "key": "delivery_deliveryTerms",
            "type": "string",
            "label": "Delivery Terms",
            "helpText": "Details about the terms of delivery."
          },
          {
            "key": "delivery_zip",
            "type": "string",
            "label": "Delivery Zip Code",
            "helpText": "The zip code of the place of delivery."
          },
          {
            "key": "dueDate",
            "type": "datetime",
            "required": true,
            "label": "Due Date",
            "helpText": "The date the invoice is due for payment. This property is only used if the terms of payment is of type 'duedate’, in which case it is a mandatory property. Format according to ISO-8601 (YYYY-MM-DD)."
          },
          {
            "key": "exchangeRate",
            "type": "number",
            "label": "Exchange Rate",
            "helpText": "The desired exchange rate between the invoice currency and the base currency of the agreement. The exchange rate expresses how much it will cost in base currency to buy 100 units of the invoice currency. If no exchange rate is supplied, the system will get the current daily rate, unless the invoice currency is the same as the base currency, in which case it will be set to 100."
          },
          {
            "key": "grossAmount",
            "type": "number",
            "required": true,
            "label": "Gross Amount",
            "helpText": "The total invoice amount in the invoice currency after all taxes and discounts have been applied. For a credit note this amount will be negative."
          },
          {
            "key": "marginInBaseCurrency",
            "type": "integer",
            "label": "Margin In Base Currency",
            "helpText": "The difference between the net price and the cost price on the invoice line in base currency."
          },
          {
            "key": "marginPercentage",
            "type": "integer",
            "label": "Margin Percentage",
            "helpText": "The margin on the invoice line expressed as a percentage."
          },
          {
            "key": "layoutNumber",
            "required": true,
            "type": "integer",
            "dynamic": "layout.id.layoutname",
            "label": "Layout",
            "helpText": "Layout to be applied for invoices and other documents for this customer."
          },
          {
            "key": "paymentTermsNumber",
            "required": true,
            "type": "integer",
            "dynamic": "payment.id.paymentname",
            "label": "Payment Terms",
            "helpText": "The terms of payment for the invoice."
          },
          {
            "key": "daysOfCredit",
            "type": "integer",
            "required": true,
            "label": "Days of Credit",
            "helpText": "The number of days of credit on the invoice. This field is only valid if terms of payment is not of type 'duedate'."
          },
          {
            "key": "paymentTermsType",
            "required": true,
            "choices": {
              "net": "NET",
              "invoiceMonth": "Invoice Month",
              "paidInCash": "Paid In Cash",
              "prepaid": "Prepaid",
              "dueDate": "Due Date",
              "factoring": "Factoring",
              "invoiceWeekStartingSunday": "Invoice Week Starting Sunday",
              "invoiceWeekStartingMonday": "Invoice Week Starting Monday",
              "creditcard": "Credit Card",
              "avtaleGiro": "Avtale Giro"
            },
            "altersDynamicFields": false
          },
          {
            "key": "lineItems",
            "required": true,
            "children": [
              {
                "key": "lineItem_sortKey",
                "type": "integer",
                "label": "Line Sort Key",
                "helpText": "A sort key used to sort the lines in ascending order within the invoice."
              },
              {
                "key": "lineItem_description",
                "type": "string",
                "label": "Line Description",
                "helpText": "A description of the product or service sold. Please note, that when setting existing products, description field is required. While setting non-existing product, description field can remain empty."
              },
              {
                "key": "lineItem_unit",
                "type": "integer",
                "dynamic": "units.id.unitname",
                "label": "Unit",
                "helpText": "The unit of meassure applied to the invoice line."
              },
              {
                "key": "lineItem_productNumber",
                "type": "string",
                "dynamic": "products.id.productname",
                "label": "Product",
                "helpText": "The product or service offered on the invoice line."
              },
              {
                "key": "lineItem_quantity",
                "type": "integer",
                "label": "Quantity",
                "helpText": "The number of units of goods on the invoice line."
              },
              {
                "key": "lineItem_unitCostPrice",
                "type": "number",
                "label": "Unit Cost Price",
                "helpText": "The cost price of 1 unit of the goods or services in the invoice currency."
              },
              {
                "key": "lineItem_unitNetPrice",
                "type": "integer",
                "label": "Unit Net Price",
                "helpText": "The price of 1 unit of the goods or services on the invoice line in the invoice currency."
              },
              {
                "key": "lineItem_discountPercentage",
                "type": "number",
                "label": "Discount Percentage",
                "helpText": "A line discount expressed as a percentage."
              },
              {
                "key": "lineItem_totalNetAmount",
                "type": "number",
                "label": "Total Net-ammount",
                "helpText": "Total Net Ammount"
              },
              {
                "key": "lineItem_vatAmount",
                "type": "number",
                "label": "VAT Amount",
                "helpText": "The total amount of VAT on the invoice in the invoice currency. This will have the same sign as net amount"
              },
              {
                "key": "lineItem_roundingAmount",
                "type": "number",
                "label": "Rounding Amount",
                "helpText": "The total rounding error, if any, on the invoice in base currency."
              },
              {
                "key": "lineItem_netAmount",
                "type": "number",
                "label": "Net Amount",
                "helpText": "The total invoice amount in the invoice currency before all taxes and discounts have been applied. For a credit note this amount will be negative."
              },
              {
                "key": "lineItem_netAmountInBaseCurrency",
                "type": "number",
                "label": "Net-amount Base-currency",
                "helpText": "Net Amount Base Currency"
              }
            ]
          },
          {
            "key": "heading",
            "type": "string",
            "label": "Heading",
            "helpText": "The invoice heading. Usually displayed at the top of the invoice."
          },
          {
            "key": "textLine1",
            "type": "string",
            "label": "Text Line 1",
            "helpText": "The first line of supplementary text on the invoice. This is usually displayed right under the heading in a smaller font."
          },
          {
            "key": "textLine2",
            "type": "string",
            "label": "Text Line 2",
            "helpText": "The second line of supplementary text in the notes on the invoice. This is usually displayed as a footer on the invoice."
          },
          {
            "key": "recipient_name",
            "required": true,
            "type": "string",
            "label": "Recipient Name",
            "helpText": "The name of the actual recipient."
          },
          {
            "key": "recipient_address",
            "type": "string",
            "label": "Recipient Address",
            "helpText": "The street address of the actual recipient."
          },
          {
            "key": "recipient_city",
            "type": "string",
            "label": "Recipient City",
            "helpText": "The city of the actual recipient."
          },
          {
            "key": "recipient_country",
            "type": "string",
            "label": "Recipient Country",
            "helpText": "The country of the actual recipient."
          },
          {
            "key": "recipient_zip",
            "type": "string",
            "label": "Recipient Zip Code",
            "helpText": "The zip code of the actual recipient."
          },
          {
            "key": "recipient_vatZoneNumber",
            "required": true,
            "type": "integer",
            "dynamic": "vat.id.vatname",
            "label": "Recipient Vat Zone",
            "helpText": "Unique identifier of the vat zone."
          },
          {
            "key": "references_other",
            "type": "string",
            "label": "References Other",
            "helpText": "A text field that can be used to save any custom reference on the invoice."
          },
          {
            "key": "references_salesPerson_employeeNumber",
            "type": "integer",
            "dynamic": "employees.id.name",
            "label": "References Sales Person",
            "helpText": "Unique identifier of the employee."
          },
          {
            "key": "references_vendorReference_employeeNumber",
            "type": "integer",
            "dynamic": "employees.id.name",
            "label": "References Sales Person",
            "helpText": "Unique identifier of the employee."
          },
          {
            "key": "roundingAmount",
            "type": "number",
            "label": "Rounding Amount",
            "helpText": "The total rounding error, if any, on the invoice in base currency."
          },
          {
            "key": "vatAmount",
            "type": "number",
            "label": "VAT Amount",
            "helpText": "The total amount of VAT on the invoice in the invoice currency. This will have the same sign as net amount."
          }
        ],
        "perform": "$func$2$f$",
        "resource": "drafts"
      },
      "key": "draftsCreate",
      "noun": "Draft Invoice"
    },
    "unitsCreate": {
      "display": {
        "label": "Create Unit",
        "description": "Create a new Unit on E-conomic App"
      },
      "operation": {
        "inputFields": [
          {
            "key": "name",
            "type": "string",
            "required": true,
            "label": "Unit Name",
            "helpText": "The name of the unit. Max length of name 8 characters."
          }
        ],
        "perform": "$func$2$f$",
        "resource": "units"
      },
      "key": "unitsCreate",
      "noun": "Units"
    },
    "updateorcreate": {
      "key": "updateorcreate",
      "noun": "Update or Create Draft Invoice",
      "display": {
        "label": "Update or Create Draft Invoice",
        "description": "Update if exits else create a new draft invoice on E-conomic App"
      },
      "operation": {
        "inputFields": [
          {
            "key": "invoiceNumber",
            "required": true,
            "type": "integer",
            "label": "Draft Invoice Number",
            "helpText": "The Draft Invoice Number."
          },
          {
            "key": "currency",
            "type": "string",
            "dynamic": "currencyList.id.currencyname",
            "required": true,
            "label": "Currency",
            "helpText": "The ISO 4217 3-letter currency code of the invoice."
          },
          {
            "key": "customerNumber",
            "type": "integer",
            "dynamic": "customers.id.name",
            "required": true,
            "altersDynamicFields": true,
            "search": "customersSearch.unitNumber",
            "label": "Customer Number",
            "helpText": "The customer number is a positive unique numerical identifier with a maximum of 9 digits. If no customer number is specified a number will be supplied by the system."
          },
          {
            "key": "date",
            "type": "datetime",
            "required": true,
            "label": "Date",
            "helpText": "Invoice issue date. Format according to ISO-8601 (YYYY-MM-DD)."
          },
          {
            "key": "delivery_address",
            "type": "string",
            "label": "Delivery Address",
            "helpText": "Street address where the goods must be delivered to the customer."
          },
          {
            "key": "delivery_city",
            "type": "string",
            "label": "Delivery City",
            "helpText": "The city of the place of delivery"
          },
          {
            "key": "delivery_country",
            "type": "string",
            "label": "Delivery Country",
            "helpText": "The country of the place of delivery"
          },
          {
            "key": "delivery_deliveryDate",
            "type": "datetime",
            "label": "Delivery Date",
            "helpText": "The date of delivery. Format according to ISO-8601 (YYYY-MM-DD)."
          },
          {
            "key": "delivery_deliveryTerms",
            "type": "string",
            "label": "Delivery Terms",
            "helpText": "Details about the terms of delivery."
          },
          {
            "key": "delivery_zip",
            "type": "string",
            "label": "Delivery Zip Code",
            "helpText": "The zip code of the place of delivery."
          },
          {
            "key": "dueDate",
            "type": "datetime",
            "required": true,
            "label": "Due Date",
            "helpText": "The date the invoice is due for payment. This property is only used if the terms of payment is of type 'duedate’, in which case it is a mandatory property. Format according to ISO-8601 (YYYY-MM-DD)."
          },
          {
            "key": "exchangeRate",
            "type": "number",
            "label": "Exchange Rate",
            "helpText": "The desired exchange rate between the invoice currency and the base currency of the agreement. The exchange rate expresses how much it will cost in base currency to buy 100 units of the invoice currency. If no exchange rate is supplied, the system will get the current daily rate, unless the invoice currency is the same as the base currency, in which case it will be set to 100."
          },
          {
            "key": "grossAmount",
            "type": "number",
            "required": true,
            "label": "Gross Amount",
            "helpText": "The total invoice amount in the invoice currency after all taxes and discounts have been applied. For a credit note this amount will be negative."
          },
          {
            "key": "marginInBaseCurrency",
            "type": "integer",
            "label": "Margin In Base Currency",
            "helpText": "The difference between the net price and the cost price on the invoice line in base currency."
          },
          {
            "key": "marginPercentage",
            "type": "integer",
            "label": "Margin Percentage",
            "helpText": "The margin on the invoice line expressed as a percentage."
          },
          {
            "key": "layoutNumber",
            "required": true,
            "type": "integer",
            "dynamic": "layout.id.layoutname",
            "label": "Layout",
            "helpText": "Layout to be applied for invoices and other documents for this customer."
          },
          {
            "key": "paymentTermsNumber",
            "required": true,
            "type": "integer",
            "dynamic": "payment.id.paymentname",
            "label": "Payment Terms",
            "helpText": "The terms of payment for the invoice."
          },
          {
            "key": "daysOfCredit",
            "type": "integer",
            "required": true,
            "label": "Days of Credit",
            "helpText": "The number of days of credit on the invoice. This field is only valid if terms of payment is not of type 'duedate'."
          },
          {
            "key": "paymentTermsType",
            "required": true,
            "choices": {
              "net": "NET",
              "invoiceMonth": "Invoice Month",
              "paidInCash": "Paid In Cash",
              "prepaid": "Prepaid",
              "dueDate": "Due Date",
              "factoring": "Factoring",
              "invoiceWeekStartingSunday": "Invoice Week Starting Sunday",
              "invoiceWeekStartingMonday": "Invoice Week Starting Monday",
              "creditcard": "Credit Card",
              "avtaleGiro": "Avtale Giro"
            },
            "altersDynamicFields": false
          },
          {
            "key": "lineItems",
            "required": true,
            "children": [
              {
                "key": "lineItem_sortKey",
                "type": "integer",
                "label": "Line Sort Key",
                "helpText": "A sort key used to sort the lines in ascending order within the invoice."
              },
              {
                "key": "lineItem_description",
                "type": "string",
                "label": "Line Description",
                "helpText": "A description of the product or service sold. Please note, that when setting existing products, description field is required. While setting non-existing product, description field can remain empty."
              },
              {
                "key": "lineItem_unit",
                "type": "integer",
                "dynamic": "units.id.unitname",
                "label": "Unit",
                "helpText": "The unit of meassure applied to the invoice line."
              },
              {
                "key": "lineItem_productNumber",
                "type": "string",
                "dynamic": "products.id.productname",
                "label": "Product",
                "helpText": "The product or service offered on the invoice line."
              },
              {
                "key": "lineItem_quantity",
                "type": "integer",
                "label": "Quantity",
                "helpText": "The number of units of goods on the invoice line."
              },
              {
                "key": "lineItem_unitCostPrice",
                "type": "number",
                "label": "Unit Cost Price",
                "helpText": "The cost price of 1 unit of the goods or services in the invoice currency."
              },
              {
                "key": "lineItem_unitNetPrice",
                "type": "integer",
                "label": "Unit Net Price",
                "helpText": "The price of 1 unit of the goods or services on the invoice line in the invoice currency."
              },
              {
                "key": "lineItem_discountPercentage",
                "type": "number",
                "label": "Discount Percentage",
                "helpText": "A line discount expressed as a percentage."
              },
              {
                "key": "lineItem_totalNetAmount",
                "type": "number",
                "label": "Total Net-ammount",
                "helpText": "Total Net Ammount"
              },
              {
                "key": "lineItem_vatAmount",
                "type": "number",
                "label": "VAT Amount",
                "helpText": "The total amount of VAT on the invoice in the invoice currency. This will have the same sign as net amount"
              },
              {
                "key": "lineItem_roundingAmount",
                "type": "number",
                "label": "Rounding Amount",
                "helpText": "The total rounding error, if any, on the invoice in base currency."
              },
              {
                "key": "lineItem_netAmount",
                "type": "number",
                "label": "Net Amount",
                "helpText": "The total invoice amount in the invoice currency before all taxes and discounts have been applied. For a credit note this amount will be negative."
              },
              {
                "key": "lineItem_netAmountInBaseCurrency",
                "type": "number",
                "label": "Net-amount Base-currency",
                "helpText": "Net Amount Base Currency"
              }
            ]
          },
          {
            "key": "heading",
            "type": "string",
            "label": "Heading",
            "helpText": "The invoice heading. Usually displayed at the top of the invoice."
          },
          {
            "key": "textLine1",
            "type": "string",
            "label": "Text Line 1",
            "helpText": "The first line of supplementary text on the invoice. This is usually displayed right under the heading in a smaller font."
          },
          {
            "key": "textLine2",
            "type": "string",
            "label": "Text Line 2",
            "helpText": "The second line of supplementary text in the notes on the invoice. This is usually displayed as a footer on the invoice."
          },
          {
            "key": "recipient_name",
            "required": true,
            "type": "string",
            "label": "Recipient Name",
            "helpText": "The name of the actual recipient."
          },
          {
            "key": "recipient_address",
            "type": "string",
            "label": "Recipient Address",
            "helpText": "The street address of the actual recipient."
          },
          {
            "key": "recipient_city",
            "type": "string",
            "label": "Recipient City",
            "helpText": "The city of the actual recipient."
          },
          {
            "key": "recipient_country",
            "type": "string",
            "label": "Recipient Country",
            "helpText": "The country of the actual recipient."
          },
          {
            "key": "recipient_zip",
            "type": "string",
            "label": "Recipient Zip Code",
            "helpText": "The zip code of the actual recipient."
          },
          {
            "key": "recipient_vatZoneNumber",
            "required": true,
            "type": "integer",
            "dynamic": "vat.id.vatname",
            "label": "Recipient Vat Zone",
            "helpText": "Unique identifier of the vat zone."
          },
          {
            "key": "references_other",
            "type": "string",
            "label": "References Other",
            "helpText": "A text field that can be used to save any custom reference on the invoice."
          },
          {
            "key": "references_salesPerson_employeeNumber",
            "type": "integer",
            "dynamic": "employees.id.name",
            "label": "References Sales Person",
            "helpText": "Unique identifier of the employee."
          },
          {
            "key": "references_vendorReference_employeeNumber",
            "type": "integer",
            "dynamic": "employees.id.name",
            "label": "References Sales Person",
            "helpText": "Unique identifier of the employee."
          },
          {
            "key": "roundingAmount",
            "type": "number",
            "label": "Rounding Amount",
            "helpText": "The total rounding error, if any, on the invoice in base currency."
          },
          {
            "key": "vatAmount",
            "type": "number",
            "label": "VAT Amount",
            "helpText": "The total amount of VAT on the invoice in the invoice currency. This will have the same sign as net amount."
          }
        ],
        "perform": "$func$2$f$"
      }
    }
  },
  "searchOrCreates": {
    "productsSearch": {
      "key": "productsSearch",
      "display": {
        "label": "Find or Create Products",
        "description": "Get Product Information by Product Number"
      },
      "search": "productsSearch",
      "create": "productsCreate"
    },
    "customersSearch": {
      "key": "customersSearch",
      "display": {
        "label": "Find or Create Customers",
        "description": "Get Customer Information by Customer Number"
      },
      "search": "customersSearch",
      "create": "customersCreate"
    },
    "draftsSearch": {
      "key": "draftsSearch",
      "display": {
        "label": "Find or Create Draft Invoice",
        "description": "Get Draft Invoice Information by Draft Invoice Number"
      },
      "search": "draftsSearch",
      "create": "draftsCreate"
    },
    "unitsSearch": {
      "key": "unitsSearch",
      "display": {
        "label": "Find or Create Units",
        "description": "Get the info for the Unit by Unit Number"
      },
      "search": "unitsSearch",
      "create": "unitsCreate"
    }
  }
}